{
  "version": 1,
  "author": "Kajal",
  "editor": "wokwi",
  "parts": [
    { "type": "wokwi-arduino-uno", "id": "uno", "top": 0, "left": 0, "attrs": {} },
    {
      "type": "wokwi-led",
      "id": "led1",
      "top": -70.8,
      "left": 320.6,
      "attrs": { "color": "magenta" }
    },
    { "type": "wokwi-led", "id": "led2", "top": 6, "left": 330.2, "attrs": { "color": "red" } },
    {
      "type": "wokwi-pushbutton",
      "id": "btn1",
      "top": 92.6,
      "left": 355.2,
      "attrs": { "color": "green", "xray": "1" }
    }
  ],
  "connections": [
    [ "led1:C", "uno:GND.1", "green", [ "v38.4", "h-220.4" ] ],
    [ "led2:C", "uno:GND.1", "green", [ "v-38.4", "h-230" ] ],
    [ "led1:A", "uno:13", "green", [ "v38.4", "h-220.8" ] ],
    [ "led2:A", "uno:12", "green", [ "v-38.4", "h-220.8" ] ],
    [ "btn1:1.l", "uno:GND.1", "green", [ "h-240", "v-96" ] ],
    [ "btn1:2.l", "uno:11", "green", [ "h-211.2", "v-115" ] ]
  ],
  "dependencies": {}
}